Iteration,L2_error,Pin_Error,Outflux,Avg_In_Vel,Avg_Out_Vel,pIn
0,1.00025,1.23429e+06,0.000468018,1,0.999532,1.23429e+06
5,0.00123777,5.2313,0.000221218,1,0.999779,194.759
10,0.000778419,2.00822,0.000199675,1,0.9998,180.121
15,0.000570883,1.18449,0.000190982,1,0.999809,172.793
20,0.000466654,0.768854,0.000188317,1,0.999812,168.222
25,0.000402804,0.542049,0.000187982,1,0.999812,165.11
30,0.000356412,0.410136,0.000188348,1,0.999812,162.822
35,0.000319525,0.32785,0.000188731,1,0.999811,161.032
40,0.000289062,0.272573,0.00018888,1,0.999811,159.567
45,0.000263498,0.232748,0.000188742,1,0.999811,158.328
50,0.000241862,0.202319,0.000188355,1,0.999812,157.259
55,0.000223433,0.178017,0.000187789,1,0.999812,156.322
60,0.000207638,0.15799,0.000187121,1,0.999813,155.494
65,0.000194015,0.141136,0.000186422,1,0.999814,154.755
70,0.000182187,0.126751,0.000185749,1,0.999814,154.094
75,0.000171848,0.114354,0.000185148,1,0.999815,153.498
80,0.000162749,0.103597,0.00018465,1,0.999815,152.959
85,0.000154688,0.0942139,0.000184275,1,0.999816,152.47
90,0.000147501,0.0859939,0.000184034,1,0.999816,152.024
95,0.000141055,0.0787661,0.000183928,1,0.999816,151.616
